"title","keyword","rank","id","user_taken"
"Home decor","do it yourself home decor ile ilgili bir arama yapın","1","id_0_0",""
"Diy","do it yourself diy ile ilgili bir arama yapın","2","id_0_1",""
"Projects","do it yourself projects ile ilgili bir arama yapın","3","id_0_2",""
"Ideen","do it yourself ideen ile ilgili bir arama yapın","4","id_0_3",""
"Ideas kitchen","do it yourself ideas kitchen ile ilgili bir arama yapın","5","id_0_4",""
"Ideas","do it yourself ideas ile ilgili bir arama yapın","6","id_0_5",""
"Diy christmas decorations for home","diy christmas decorations for home do it yourself ile ilgili bir arama yapın","7","id_0_6",""
"Halloween costumes","do it yourself halloween costumes ile ilgili bir arama yapın","8","id_0_7",""
"Short natural hair styles for 4c hair","short natural hair styles for 4c hair do it yourself ile ilgili bir arama yapın","9","id_0_8",""
"Diy inground pool","diy inground pool do it yourself ile ilgili bir arama yapın","10","id_0_9",""
"Hairstyles","do it yourself hairstyles ile ilgili bir arama yapın","11","id_0_10",""
"Quotes","do it yourself quotes ile ilgili bir arama yapın","12","id_0_11",""
"Quick hairstyles for black women","quick hairstyles for black women do it yourself ile ilgili bir arama yapın","13","id_0_12",""
"Easy wedding hairstyles","easy wedding hairstyles do it yourself ile ilgili bir arama yapın","14","id_0_13",""
"Building a container home","building a container home do it yourself ile ilgili bir arama yapın","15","id_0_14",""
"Easy braided hairstyles for black women","easy braided hairstyles for black women do it yourself ile ilgili bir arama yapın","16","id_0_15",""
"Protective styles for natural hair","protective styles for natural hair do it yourself ile ilgili bir arama yapın","17","id_0_16",""
"Quick natural hairstyles for black women","quick natural hairstyles for black women do it yourself ile ilgili bir arama yapın","18","id_0_17",""
"Christmas gifts","do it yourself christmas gifts ile ilgili bir arama yapın","19","id_0_18",""
"Tv stand ideas diy","tv stand ideas diy do it yourself ile ilgili bir arama yapın","20","id_0_19",""
"Diy king bed frame","diy king bed frame do it yourself ile ilgili bir arama yapın","21","id_0_20",""
"King size bed frame diy","king size bed frame diy do it yourself ile ilgili bir arama yapın","22","id_0_21",""
"Short natural hairstyles for black women","short natural hairstyles for black women do it yourself ile ilgili bir arama yapın","23","id_0_22",""
"Home decor easy","do it yourself home decor easy ile ilgili bir arama yapın","24","id_0_23",""
"Diy farmhouse table plans","diy farmhouse table plans do it yourself ile ilgili bir arama yapın","25","id_0_24",""
"Crafts","do it yourself crafts ile ilgili bir arama yapın","26","id_0_25",""
"Möbel","do it yourself möbel ile ilgili bir arama yapın","27","id_0_26",""
"Ideen wohnen","do it yourself ideen wohnen ile ilgili bir arama yapın","28","id_0_27",""
"Easy natural hairstyles for black women","easy natural hairstyles for black women do it yourself ile ilgili bir arama yapın","29","id_0_28",""
"Wedding decorations","do it yourself wedding decorations ile ilgili bir arama yapın","30","id_0_29",""
"Halloween decorations","do it yourself halloween decorations ile ilgili bir arama yapın","31","id_0_30",""
"Déco","do it yourself déco ile ilgili bir arama yapın","32","id_0_31",""
"Christmas decorations","do it yourself christmas decorations ile ilgili bir arama yapın","33","id_0_32",""
"Clothes","do it yourself clothes ile ilgili bir arama yapın","34","id_0_33",""
"Diy platform bed queen","diy platform bed queen do it yourself ile ilgili bir arama yapın","35","id_0_34",""
"Hair color at home","do it yourself hair color at home ile ilgili bir arama yapın","36","id_0_35",""
"Home decor bedroom","do it yourself home decor bedroom ile ilgili bir arama yapın","37","id_0_36",""
"Hand sanitizer","do it yourself hand sanitizer ile ilgili bir arama yapın","38","id_0_37",""
"Geschenke","do it yourself geschenke ile ilgili bir arama yapın","39","id_0_38",""
"Updos","do it yourself updos ile ilgili bir arama yapın","40","id_0_39",""
"Build a desk","build a desk do it yourself ile ilgili bir arama yapın","41","id_0_40",""
"Butcher block countertops diy","butcher block countertops diy do it yourself ile ilgili bir arama yapın","42","id_0_41",""
"Handmade home decor","handmade home decor do it yourself ile ilgili bir arama yapın","43","id_0_42",""
"Wedding","do it yourself wedding ile ilgili bir arama yapın","44","id_0_43",""
"Easy natural hair styles for black women","easy natural hair styles for black women do it yourself ile ilgili bir arama yapın","45","id_0_44",""
"Wedding hair","do it yourself wedding hair ile ilgili bir arama yapın","46","id_0_45",""
"Deko","do it yourself deko ile ilgili bir arama yapın","47","id_0_46",""
"Nails","do it yourself nails ile ilgili bir arama yapın","48","id_0_47",""
"Cheap diy wall art","cheap diy wall art do it yourself ile ilgili bir arama yapın","49","id_0_48",""
"Home projects","home projects do it yourself ile ilgili bir arama yapın","50","id_0_49",""
"Simple nail art for beginners","simple nail art for beginners do it yourself ile ilgili bir arama yapın","51","id_0_50",""
"Diy murphy bed plans","diy murphy bed plans do it yourself ile ilgili bir arama yapın","52","id_0_51",""
"Headboard ideas","do it yourself headboard ideas ile ilgili bir arama yapın","53","id_0_52",""
"Gifts","do it yourself gifts ile ilgili bir arama yapın","54","id_0_53",""
"Craft ideas for adults","craft ideas for adults do it yourself ile ilgili bir arama yapın","55","id_0_54",""
"Ideen basteln","do it yourself ideen basteln ile ilgili bir arama yapın","56","id_0_55",""
"Diy christmas decorations","diy christmas decorations do it yourself ile ilgili bir arama yapın","57","id_0_56",""
"Easy up dos for medium hair","easy up dos for medium hair do it yourself ile ilgili bir arama yapın","58","id_0_57",""
"Quick protective styles for natural hair","quick protective styles for natural hair do it yourself ile ilgili bir arama yapın","59","id_0_58",""
"Hairstyles easy","do it yourself hairstyles easy ile ilgili bir arama yapın","60","id_0_59",""
"Diy trundle bed","diy trundle bed do it yourself ile ilgili bir arama yapın","61","id_0_60",""
"Diy hair color at home","diy hair color at home do it yourself ile ilgili bir arama yapın","62","id_0_61",""
"Shipping container homes diy","shipping container homes diy do it yourself ile ilgili bir arama yapın","63","id_0_62",""
"Ideen deko","do it yourself ideen deko ile ilgili bir arama yapın","64","id_0_63",""
"Home decor ideas","home decor ideas do it yourself ile ilgili bir arama yapın","65","id_0_64",""
"Halloween costumes for women","do it yourself halloween costumes for women ile ilgili bir arama yapın","66","id_0_65",""
"Simple nail designs for beginners","simple nail designs for beginners do it yourself ile ilgili bir arama yapın","67","id_0_66",""
"Handmade gifts for women","handmade gifts for women do it yourself ile ilgili bir arama yapın","68","id_0_67",""
"Home","do it yourself home ile ilgili bir arama yapın","69","id_0_68",""
"Haircut","do it yourself haircut ile ilgili bir arama yapın","70","id_0_69",""
"Diy bunk beds plans","diy bunk beds plans do it yourself ile ilgili bir arama yapın","71","id_0_70",""
"Carnival games","do it yourself carnival games ile ilgili bir arama yapın","72","id_0_71",""
"Diy coffee table rustic","diy coffee table rustic do it yourself ile ilgili bir arama yapın","73","id_0_72",""
"Diy hairstyles for black women","diy hairstyles for black women do it yourself ile ilgili bir arama yapın","74","id_0_73",""
"Projects for men","do it yourself projects for men ile ilgili bir arama yapın","75","id_0_74",""
"Patio","do it yourself patio ile ilgili bir arama yapın","76","id_0_75",""
"Diy home decor rustic","diy home decor rustic do it yourself ile ilgili bir arama yapın","77","id_0_76",""
"Diy sofa cover","diy sofa cover do it yourself ile ilgili bir arama yapın","78","id_0_77",""
"Home decor living room","do it yourself home decor living room ile ilgili bir arama yapın","79","id_0_78",""
"Farmhouse decor diy","farmhouse decor diy do it yourself ile ilgili bir arama yapın","80","id_0_79",""
"Face mask","do it yourself face mask ile ilgili bir arama yapın","81","id_0_80",""
"Diy crafts for adults","diy crafts for adults do it yourself ile ilgili bir arama yapın","82","id_0_81",""
"Easy diy crafts for home","easy diy crafts for home do it yourself ile ilgili bir arama yapın","83","id_0_82",""
"Quick easy hairstyles for black women","quick easy hairstyles for black women do it yourself ile ilgili bir arama yapın","84","id_0_83",""
"Rustic home decor","rustic home decor do it yourself ile ilgili bir arama yapın","85","id_0_84",""
"Art","do it yourself art ile ilgili bir arama yapın","86","id_0_85",""
"Simple hairstyles for medium hair","simple hairstyles for medium hair do it yourself ile ilgili bir arama yapın","87","id_0_86",""
"Quick hairstyles for black women natural hair","quick hairstyles for black women natural hair do it yourself ile ilgili bir arama yapın","88","id_0_87",""
